Latin;Nature/genre;Français
ambi, amb, am/an;adj;de chaque coté, autour
ambiegnus, a, um;adj;qui a un agneau de chaque côté (en parlant d'une victime)
ambiguus, a, um;adj;qui penche également dans la balance de chaque côté
amplecti;;embrasser
anceps;adj;qui a une tête de chaque côté
ambo, bae, bo;adj;deux, l'un côté de l'autre
amma;f;mère (mot enfantin)
mamma;f;maman
mamilla;f;mamelle
amita, ae;f;tante paternelle
Ammianus;;Ammien
amare;;aimer
amor, oris;m;amour, amitié
amicus, i;m;ami
inimicus, i;m;ennemi privé
hostis;m;ennemi publique, étranger
amoenus, a, um;adj;agréable
amoenitas, atis;f;charme
amnis, is;f;fleuve
amplus, a, um;adj;large, vaste, abondant, grand
vir amplissimus;m;personnage très important
amplitudo, inis;f;étendue, grandeur
amplius;adj;davantage
ampliare;;augmenter, ajourner
ampliatio, onis;f;augmentation, ajournement
amplificatio, onis;f;augmentation, amplification
ango, is, anxi, anctum, angere;;serrer, étreindre
angina, ae;f;angine
angor, angoris;m;angoisse
angustus, a, um;adj;serré, étroit, pauvre
augustiae, arum;f pl;défilé, gêne
anxius, a, um;adj;angoissant, angoissé
anxietas, atis;f;inquiétude, anxiété
anguis, is;f;serpent
anguilla, ae;f;anguille
angulus, i;m;coin, angle
uncus, i;m;crochet
aduncus, a, um;adj;recourbé
angellus, i;m;petit coin
anima, ae;f;souffle d'air, de vie (ame)
animans, tis;m;animal
animal, alis;n;être vivant
semianimis, e;adj;demi-mort
inanimatus, a, um;adj;inanimé
exanimis, e;adj;mort
animus, i;m;sentiments, passions (act. du cœur)
mens;f;réflexion, pensée (act. de l'esprit)
addere animum;;donner du cœur
deficere animo;;perdre courage
animi causa;;par plaisir
animosus, a, um;adj;courageux, orgueilleux
magnanimus, a, um;adj;magnanime
unanimitas, atis;f;unanimité des cœurs
aequanimus, a, um;adj;qui ne penche pas plus pour une chose que pour une autre
aequanimitas, atis;f;égalité d'âme
animadvertere;;remarquer, tourner son attention vers, blâmer
animadversio, onis;f;remarque, reproche
annus, i;m;récolte
annuus, a, um;adj;qui dure un an
annalis, e;adj;qui a lieu tous les ans
annales;m;livres qu'on écrit tous les ans, annales
anniculus, a, um;adj;âge d'un an révolu
annosus, a, um;adj;chargé d'années
annona, ae;f;Annona
anniversarius;;anniversaire
vertere;;tourner
quotannis;adj;chaque année
biennium, i;n;espace de deux ans
triennium, i;n;espace de trois ans
quinquennis, e;adj;de cinq ans
perennis, e;adj;qui dure toute l'année, éternel
anser, eris;m;oie
ante;;avant, devant
antistare;;être au premier rang
antistes, stitis;m;chef, prêtre
anterior;adj;antérieur
prior;adj;antérieur
antequam;;avant que
antiquus, a, um;adj;antique
antiquior;adj;préférable
antiquissimus;superlatif de antiquior;supérieur, qui est plus en avant
nihil antiquis habere;;n'avoir rien plus à cœur
antiquissima res est;;c'est une chose très importante
antiquarius, i;m;antiquaire
anus, us;f;vieille femme
anus, i;m;anneau, anus
anularis, e;adj;annulaire, qui concerne l'anneau
digitus;m;doigt
aper, apri;m;sanglier
porcus;m;porc domestique
aperio, is, ui, um, ire;;ouvrir, dévoiler
operire;;fermer
aperte;adv;ouvertement
apertura, ae;f;ouverture
operculum, i;n;couvercle
cooperculum, i;n;couvercle
cooperire;;couvrir entièrement
apex, apicis;m;sommet, bonnet, trait vertical
apio, is, epi, aptum, apere;;attacher
adipiscor, eris, adeptus sum, adipisci;;atteindre, obtenir
copula, ae;f;lien
coepi;;je commence à
aptus, a, um;adj;attaché à
aptare;;équiper
adaptare;;adaper
ineptus, a, um;adj;impropre à , maladroit
ineptiae, arum;f;sottises
apis, is;f;abeille
apium;n;ache
apricus, a, um;adj;exposé au soleil
aqua, ae;d;eau
unda;f;eau agitée, onde, flot, vague
aquari;;s'approvisionner en eau
undare;;s'agiter
aquosus;adj;aqueux
undosus;adj;aux flots ondoyants
aquila, aquilae;f;aigle
aquilinus, a, um;adj;d'aigle
aquilo, onis;m;aquilon
arae, ae;f;autel
focus;m;foyer de la maison
pro aris et focis;;pour les autels et les foyers
altaria, um;n pl;autels réservés aux grandes divinités
araneus, i;m;araignée
musaraneus;m;musaraigne
arbiter, tri;m;témoin
arbitrium, i;n;le fait d'être témoin, pouvoir de décider
liberum, arbitrium;;libre arbitre
arbitrari;;être témoin de, observer
arbos, arboris;f;arbre
arbustus, a, um;adj;planté d'abres
arbusta loca;n pl;pépinières
arbustum, i;n;arbuste, jeune arbre
arborescere;;devenir grand comme un arbre
accerso, is, ivi, itum, ere;;aller chercher, mander
arcus, us;m;arc
arduus, a, um;adj;qui se dresse en hauteur, escarpé
area, ae;f;aire
areola, ae;f;petite cour, parterre
areo, es, ui, ere;;être sec
arescere;;se déssecher
arefacere;;déssecher
aridus, a, um;adj;déseché
ariditas, atis;f;sécheresse
ardor, oris;m;chaleur ardente
ardeo, es, arsi, arsum, ardere;;brûler
ardescere;;s'enflammer
assus, a, um;adj;rôti, sans eau
assus piscis;m;poisson grillé
assa nutrix;f;nourrice sèche
assi lapides;m;pierres sèches
assa vox;f;voix seule
assae tibiae;f;flûtes seules
arguo, is, i, argutum, arguere;;éclairer, indiquer, accuser
argentum, i;n;argent
argilla, ae;f;argile
argutus, a, um;adj;clair
argutiae, arum;n;subtilités, bavardages
argumentum, i;n;preuve, argument, justification
redarguere;;réfuter
aries, aritis;m;bélier
arista/aresta, ae;f;barbe d'épi
armentum, i;n;troupeau de gros bétail
armus, i;m;bras
armillae, arum;f pl;bracelet
arma, orum;n pl;armes qui s'ajustent au corps
tela;f;armes qu'on lance au loin
armarium, i;n;armoire
armamentum, i;n;arsenal
inermis, e;adj;sans armes
artus, uum;m pl;membres
articulus, i;m;articulation
in articulo mortis;;à l'article de la mort
artus, a, um;adj;étroit, court
in arto esse;;être à l'étroit
ars, is;f;art (habileté acquise)
natura, ae;f;habileté naturelle
ingenium, ii;n;génie
de arte loquendi;;traité d'éloquence
iners, ertis;adj;sans habileté
sollers, ertis;adj;adroit
sollus;adj;tout entier
artifex, icis;m;artisan
artificium, i;n;travail
ritus, us;m;rite
ordio, iris, orsus sum, ordiri;;ourdir
exordiri;;monter une trame
exordium, i;n;montage d'une trame
primordia, iorum;n pl;premiers commencements
ordo, inis;m;ordre
ordo equester;m;ordre des chevaliers
ordo senatorius;m;ordre des sénateurs
ordinalis, e;adj;ordinal
ardinarius, a, um;adj;conforme à l'ordre, usuel
ordinarius, i;m;surveillant
ornare;;équiper
ornatus miles;m;soldat bien équipé
ornatus, us;m;équipement, ornement
ornamentum, i;n;équipement, ornement
subornare;;équiper en dessous
aro, aras, aravi, aratum, arare;;labourer, cultiver
arator, oris;m;laboureur
aratorius, a, um;adj;instrument aratoire
aratrum, i;n;charrue
arabilis, e;adj;arable
arva, orum;n pl;champs labourés
arra, ae;f;arrhes
pignus, oris;n;gage
arx, arcis;f;citadelle
arca, ae;f;coffre
arcanus, a, um;adj;discret, secret
arcanum, i;n;secret, mystère
arceo, es, ui, ere;;renfermer, maintenir à distance
coercere;;réfréner, réprimer
exercere;;repousser hors de
exercitus, us;m;exercice, armée
exercitium, i;n;exercice
exercitus, a, um;adj;éprouvé
exercitatus, a, um;adj;exercé, entraîné
asinus, i;m;âne
asellus, i;m;ânon
Asinaria;;Asinaire
asinus asinum;m;l'âne frotte l'âne
asper, aspera, asperum;adj;rugueux
asperitas, atis;f;aspérité, apreté
exasperare;;rendre rugueux, irriter
ast, at;;d'autre part, quant à, du moins
at ego;;quant à moi
atque/ac;;et d'autre part
aeque ac;;autant que
alius est atque erat;;il est autre qu'il n'était
atqui;;mais de toute façon
ater, atra, atrum;adj;noir, venimeux
atramentum, i;n;encre noire
atrox, ocis;adj;terrible, affreux
atrium, i;n;atrium
audio, is, ivi, itum, ire;;entendre, comprendre
oboedire;;obéir
exaudire;;exaucer
augeo, es, auxi, auctum, augere;;s'augmenter
augur, auguris;m;augure
lituus;m;bâton augural (bâton recourbé et sans nœud)
augustus, a, um;adj;qui est indiqué par les augures
mensis;m;mois
augurare;;prendre les augures
inaugurare;;prédire
auctor, oris;m;créateur, fondateur
auctoritas, atis;f;création, fondation
auctio, onis;f;mise aux enchères
auctionari;;mettre aux enchères
auctus, us;m;accroissement
auxilium, i;n;secours
auxiliaris, e;adj;auxiliaire
auxiliares;m;les troupes auxillaires
aulla, ae;f;marmite
aulula, ae;f;petite marmite
Aulularia;;Aululaire
aula, ae;f;cour
aulicus, a, um;adj;de la cour
auriga, ae;m;conducteur
auris, is;f;oreille
auricularis, e;adj;de l'oreille
auricularius, a, um;adj;de l'oreille
inaures, ium;f;boucles d'oreille
auscultare;;écouter
aurora, ae;f;aurore
aurum, i;n;or
aureus, a, um;adj;qui est en or
aureolus, a, um;adj;d'or
aut;;ou
autem;;d'autre part
autumare;;dire, affirmer
ave;;salut !
vale;;adieu
avena, ae;f;avoine, chalumeau
aveo, es, ere;;désirer vivement
avidus, a, um;adj;avide
aviditas, atis;f;avidité
avarus, a, um;adj;qui est avide d'argent, avare
avaritia;f;avarice
audeo, audes, ausus sum, audere;;être désireux de
sodes;;s'il te plaît
audax, acis;adj;audacieux
avis, is;f;oiseau
auca, ae;m;oie
auceps, cupis;m;oiseleur
auspex, spicis;m;l'homme qui examine le vol des oiseaux
auspicium, i;n;auspice
avus, i;m;grand-père
proavus;m;bisaïeul
abavus;m;trisaïeul
atavus;m;père du trisaïeul
avunculus, i;m;oncle
axis, is;m;pôle, ciel, climat
axungia, ae;f;graisse pour essieu, graisse de porc
ungere;;oindre
ala, ae;f;aile
axilla, ae;f;aisselle
ales, itis;adj;ailé
